Date,IP
7/30/2021,118.98.239.134
2/11/2022,155.138.247.81
2/12/2022,45.77.115.214
2/13/2022,144.202.90.185
2/14/2022,137.220.39.254
2/14/2022,216.128.134.108
2/15/2022,149.28.15.3
2/15/2022,149.28.246.223
2/16/2022,155.138.214.143
2/16/2022,207.148.6.134
2/16/2022,45.63.18.121
2/18/2022,137.220.32.55
2/18/2022,149.28.196.108
2/18/2022,66.55.159.68
2/19/2022,144.202.91.76
2/21/2022,144.202.81.178
2/21/2022,45.32.194.190
2/21/2022,45.32.85.181
2/21/2022,45.76.243.204
2/21/2022,45.76.246.180
2/22/2022,66.42.72.138
2/23/2022,144.202.81.57
2/23/2022,45.76.4.16
2/23/2022,45.76.58.172
2/23/2022,66.42.75.27
2/24/2022,207.148.2.195
2/24/2022,45.63.36.129
2/24/2022,45.77.158.197
2/25/2022,136.244.94.125
2/25/2022,185.92.223.145
2/25/2022,209.250.248.222
2/26/2022,136.244.107.160
2/27/2022,137.220.35.55
2/27/2022,45.32.185.190
2/27/2022,78.141.221.1
2/27/2022,95.179.133.25
2/27/2022,95.179.167.232
2/28/2022,137.220.35.174
2/28/2022,140.82.56.193
2/28/2022,95.179.137.38
3/1/2022,45.77.209.156
3/2/2022,137.220.51.34
3/2/2022,149.248.32.46
3/2/2022,66.42.72.177
3/3/2022,104.207.158.235
3/3/2022,137.220.41.210
3/3/2022,144.202.86.232
3/3/2022,155.138.247.177
3/3/2022,209.250.249.168
3/3/2022,45.77.210.111
3/7/2022,137.220.32.176
3/7/2022,199.247.29.235
3/7/2022,207.148.1.20
3/7/2022,45.76.242.180
3/8/2022,140.82.57.201
3/8/2022,149.28.15.96
3/8/2022,45.63.39.11
3/9/2022,144.202.81.49
3/10/2022,144.202.85.126
3/10/2022,149.248.45.2
3/10/2022,45.76.245.54
3/10/2022,45.77.209.181
3/10/2022,66.42.74.9
3/11/2022,144.202.89.64
3/11/2022,149.28.51.176
3/11/2022,207.148.31.47
3/11/2022,209.222.10.96
3/11/2022,45.63.17.110
3/13/2022,144.202.3.218
3/14/2022,45.77.96.163
3/28/2022,108.61.155.209
3/28/2022,45.63.16.80
3/30/2022,136.244.108.147
3/30/2022,45.77.147.68
3/30/2022,63.209.33.25
3/30/2022,66.135.6.180
3/31/2022,140.82.0.140
3/31/2022,207.246.122.39
3/31/2022,207.246.95.249
3/31/2022,45.63.14.130
4/2/2022,207.246.94.212
4/8/2022,144.202.15.60
4/9/2022,45.77.205.14
4/12/2022,45.63.8.44
4/13/2022,108.61.132.82
4/13/2022,140.82.15.186
4/13/2022,45.76.11.88
4/13/2022,66.135.2.224
4/14/2022,149.28.42.55
4/15/2022,45.76.13.69
4/20/2022,207.148.31.131
4/20/2022,216.155.135.21
4/21/2022,107.191.39.78
4/21/2022,140.82.13.174
4/21/2022,144.202.2.55
4/21/2022,149.28.43.180
4/21/2022,207.246.92.251
4/21/2022,45.63.20.236
4/22/2022,107.191.36.143
4/22/2022,207.246.85.73
4/23/2022,149.28.33.205
4/23/2022,45.77.104.230
4/25/2022,140.82.11.161
4/25/2022,140.82.42.75
4/25/2022,149.28.237.61
4/25/2022,66.135.7.191
4/27/2022,144.202.14.205
4/27/2022,149.28.55.76
4/28/2022,45.76.3.106
4/29/2022,108.61.89.254
4/30/2022,45.77.151.151
5/2/2022,104.207.132.221
5/2/2022,45.76.5.118
5/3/2022,45.63.17.88
5/3/2022,45.77.100.188
5/4/2022,207.148.25.47
5/4/2022,45.77.111.147
5/4/2022,45.77.220.154
5/5/2022,104.156.226.32
5/5/2022,140.82.4.73
5/5/2022,140.82.60.100
5/6/2022,107.191.40.6
5/6/2022,108.61.191.117
5/9/2022,144.202.12.108
5/9/2022,149.28.232.53
5/10/2022,149.28.37.87
5/11/2022,149.28.48.200
5/11/2022,207.148.19.99
5/12/2022,173.199.117.36
5/14/2022,208.167.233.119
5/16/2022,104.207.129.181
5/16/2022,140.82.5.77
5/17/2022,108.61.159.18
5/17/2022,45.77.201.205
5/19/2022,137.220.51.151
5/19/2022,45.77.99.43
5/19/2022,66.42.74.81
5/20/2022,155.138.243.167
5/21/2022,66.42.67.122
5/23/2022,104.156.227.254
5/24/2022,207.246.97.240
5/24/2022,45.63.64.43
5/25/2022,216.128.144.231
5/26/2022,108.61.23.249
5/26/2022,207.246.121.31
5/27/2022,108.61.158.112
5/27/2022,144.202.13.10
5/28/2022,149.28.62.48
5/30/2022,216.128.140.3
5/31/2022,207.148.24.47
5/31/2022,45.77.209.147
5/31/2022,66.42.77.176
6/1/2022,144.202.48.17
6/1/2022,207.148.4.136
6/1/2022,45.76.9.149
6/2/2022,155.138.133.94
6/2/2022,155.138.144.219
6/3/2022,137.220.55.51
6/3/2022,155.138.134.120
6/3/2022,155.138.136.95
6/4/2022,216.128.179.100